Sensor,Priority_Score
sensor_4,563.5735126751006
sensor_7,221.34708448451352
sensor_12,208.56538800833698
sensor_11,19.016467258009783
sensor_15,3.376858232756531
